id	first_name	last_name	email	gender
1	Perren	Polak	ppolak0@nature.com	Male
2	Gonzalo	Pidgin	gpidgin1@ted.com	Male
3	Thorpe	Thickens	tthickens2@mlb.com	Male
4	Nelson	Crackett	ncrackett3@usa.gov	Male
5	Edith	Davidai	edavidai4@cam.ac.uk	Female
6	Madlen	Kennally	mkennally5@oracle.com	Female
7	Tamara	Stolli	tstolli6@yahoo.co.jp	Female
8	Alair	Durrand	adurrand7@wired.com	Male
9	Tracey	Kinzett	tkinzett8@senate.gov	Female
10	Frasier	Ceschelli	fceschelli9@nymag.com	Male
11	Julia	Galfour	jgalfoura@epa.gov	Female
12	Fae	Dillingston	fdillingstonb@alibaba.com	Female
13	Sam	Durtnal	sdurtnalc@jugem.jp	Male
14	Justine	Marques	jmarquesd@eventbrite.com	Female
15	Hortense	Ratcliff	hratcliffe@facebook.com	Female
16	Shalna	Lorence	slorencef@archive.org	Female
17	Brianne	Verey	bvereyg@ca.gov	Female
18	Dorri	Bampford	dbampfordh@webs.com	Female
19	Mirabelle	Lynthal	mlynthali@ning.com	Female
20	Debby	Sharpus	dsharpusj@home.pl	Female
21	Margit	Shovell	mshovellk@nytimes.com	Female
22	Marielle	Manna	mmannal@nih.gov	Female
23	Shandra	Simnett	ssimnettm@redcross.org	Female
24	Jammal	Kitchaside	jkitchasiden@blogs.com	Male
25	Montgomery	Garshore	mgarshoreo@t.co	Male
26	Garth	Yantsurev	gyantsurevp@vistaprint.com	Male
27	Tobiah	Savin	tsavinq@cdbaby.com	Male
28	Rand	Kubacki	rkubackir@ocn.ne.jp	Male
29	Andrus	Tafani	atafanis@squarespace.com	Male
30	Neill	McGorley	nmcgorleyt@hhs.gov	Male
31	Van	Stamps	vstampsu@marriott.com	Male
32	Otho	Funcheon	ofuncheonv@woothemes.com	Male
33	Corny	Overshott	covershottw@theglobeandmail.com	Female
34	Susi	Smallcomb	ssmallcombx@oaic.gov.au	Female
35	Pepita	Lurner	plurnery@seesaa.net	Female
36	Vivien	Woollin	vwoollinz@desdev.cn	Female
37	Dannie	McConway	dmcconway10@pinterest.com	Male
38	Barnett	Custard	bcustard11@bravesites.com	Male
39	Aksel	Leipelt	aleipelt12@adobe.com	Male
40	Lin	Eastham	leastham13@stanford.edu	Female
41	Timofei	Drewry	tdrewry14@who.int	Male
42	Gaven	Frangello	gfrangello15@ox.ac.uk	Male
43	Doralynn	Franks	dfranks16@bloglines.com	Female
44	Ethelin	Cowpland	ecowpland17@list-manage.com	Female
45	Minetta	Wick	mwick18@163.com	Female
46	Erasmus	Rangle	erangle19@geocities.com	Male
47	Vittoria	Bozward	vbozward1a@aol.com	Female
48	Vincents	Wickstead	vwickstead1b@tuttocitta.it	Male
49	Allistir	Bernet	abernet1c@state.gov	Male
50	Bonny	Mannering	bmannering1d@typepad.com	Female
51	Anderson	Honsch	ahonsch1e@webmd.com	Male
52	Elroy	Wetherick	ewetherick1f@last.fm	Male
53	Tabbatha	Salandino	tsalandino1g@angelfire.com	Female
54	Margaretha	Devonshire	mdevonshire1h@fema.gov	Female
55	Germaine	Rigeby	grigeby1i@devhub.com	Female
56	Faustine	Segebrecht	fsegebrecht1j@oakley.com	Female
57	Connie	Balasini	cbalasini1k@bravesites.com	Female
58	Hube	Scase	hscase1l@netlog.com	Male
59	Tobie	Storr	tstorr1m@acquirethisname.com	Male
60	Oren	Leahy	oleahy1n@prnewswire.com	Male
61	Christine	Snar	csnar1o@umich.edu	Female
62	Bartholomeo	Cockin	bcockin1p@europa.eu	Male
63	Hi	Hargrove	hhargrove1q@mapquest.com	Male
64	Petronille	Haddeston	phaddeston1r@narod.ru	Female
65	Susie	Redsull	sredsull1s@google.ca	Female
66	Kristoffer	Kloska	kkloska1t@amazon.co.jp	Male
67	Brana	Copp	bcopp1u@usgs.gov	Female
68	Theobald	Bird	tbird1v@phoca.cz	Male
69	Bevon	Woollard	bwoollard1w@vinaora.com	Male
70	Sylas	Beevors	sbeevors1x@technorati.com	Male
71	Karleen	Japp	kjapp1y@toplist.cz	Female
72	Cooper	Archbold	carchbold1z@loc.gov	Male
73	Persis	Litster	plitster20@senate.gov	Female
74	Liliane	Cargen	lcargen21@seesaa.net	Female
75	Lorettalorna	Marcoolyn	lmarcoolyn22@infoseek.co.jp	Female
76	Denna	O'Kane	dokane23@imageshack.us	Female
77	Chrissie	Pimlock	cpimlock24@usda.gov	Female
78	Haroun	Satterley	hsatterley25@gizmodo.com	Male
79	Kyla	Trewhella	ktrewhella26@purevolume.com	Female
80	Winna	Garaway	wgaraway27@pinterest.com	Female
81	Drugi	Clemoes	dclemoes28@over-blog.com	Male
82	Menard	Itzkovwitch	mitzkovwitch29@google.pl	Male
83	Emmey	Keetley	ekeetley2a@google.fr	Female
84	Obidiah	Corden	ocorden2b@cbslocal.com	Male
85	Flem	Rouse	frouse2c@upenn.edu	Male
86	Colleen	Bute	cbute2d@huffingtonpost.com	Female
87	Stillman	Luffman	sluffman2e@hatena.ne.jp	Male
88	Masha	Poter	mpoter2f@drupal.org	Female
89	Artemis	Rollins	arollins2g@walmart.com	Male
90	Felice	Rhys	frhys2h@over-blog.com	Male
91	Lucais	Bygrave	lbygrave2i@dropbox.com	Male
92	Cyndie	Fursse	cfursse2j@deviantart.com	Female
93	Emelita	Braiden	ebraiden2k@1688.com	Female
94	Yoshiko	Statersfield	ystatersfield2l@smh.com.au	Female
95	Kerrin	Curlis	kcurlis2m@businesswire.com	Female
96	Murdoch	Neames	mneames2n@oakley.com	Male
97	Elane	Purseglove	epurseglove2o@europa.eu	Female
98	Odessa	Condict	ocondict2p@sogou.com	Female
99	Morly	Schulter	mschulter2q@buzzfeed.com	Male
100	Chickie	Scriver	cscriver2r@moonfruit.com	Male
101	Marj	Iacomo	miacomo2s@archive.org	Female
102	Rodney	Eastmead	reastmead2t@is.gd	Male
103	Godard	Gert	ggert2u@plala.or.jp	Male
104	Cozmo	Gasnell	cgasnell2v@technorati.com	Male
105	Winni	Potts	wpotts2w@whitehouse.gov	Female
106	Mersey	Gierhard	mgierhard2x@google.com	Female
107	Xena	Livard	xlivard2y@vk.com	Female
108	Rowland	Slack	rslack2z@myspace.com	Male
109	Stepha	Cobbledick	scobbledick30@technorati.com	Female
110	Thaine	Kearle	tkearle31@google.es	Male
111	Luke	Bossom	lbossom32@mac.com	Male
112	Munroe	Greensted	mgreensted33@zimbio.com	Male
113	Clemente	Grimble	cgrimble34@europa.eu	Male
114	Kizzie	Jodrellec	kjodrellec35@gmpg.org	Female
115	Ilse	Saiger	isaiger36@de.vu	Female
116	Ruthanne	Miguet	rmiguet37@ebay.com	Female
117	Sandy	Van Der Vlies	svandervlies38@altervista.org	Female
118	Ricard	Hunstone	rhunstone39@usnews.com	Male
119	Neille	Semper	nsemper3a@gmpg.org	Female
120	Corly	Edwards	cedwards3b@psu.edu	Female
121	Eleonora	Maddams	emaddams3c@alexa.com	Female
122	Amandy	O'Neary	aoneary3d@washington.edu	Female
123	Aldous	Matley	amatley3e@boston.com	Male
124	Pasquale	Ablewhite	pablewhite3f@dailymail.co.uk	Male
125	Tiena	Boltwood	tboltwood3g@yellowbook.com	Female
126	Ky	Hitzke	khitzke3h@utexas.edu	Male
127	Carver	Alger	calger3i@github.com	Male
128	Nancie	McKea	nmckea3j@deviantart.com	Female
129	Ariel	Tolerton	atolerton3k@shareasale.com	Female
130	Andras	Daglish	adaglish3l@dmoz.org	Male
131	Eolanda	Handslip	ehandslip3m@netlog.com	Female
132	Artur	Whitters	awhitters3n@thetimes.co.uk	Male
133	Reuben	Mattaus	rmattaus3o@pinterest.com	Male
134	Norry	Bonsul	nbonsul3p@japanpost.jp	Female
135	Rae	Phippen	rphippen3q@newsvine.com	Female
136	Alvinia	Champkin	achampkin3r@cdbaby.com	Female
137	Laughton	Blockey	lblockey3s@chicagotribune.com	Male
138	Deborah	McArtan	dmcartan3t@flavors.me	Female
139	Wells	Spittles	wspittles3u@infoseek.co.jp	Male
140	Norene	Wernham	nwernham3v@nifty.com	Female
141	Brucie	Cancellor	bcancellor3w@washington.edu	Male
142	Alejoa	Benech	abenech3x@elegantthemes.com	Male
143	Tasha	Marcam	tmarcam3y@ftc.gov	Female
144	Jess	Noel	jnoel3z@pbs.org	Male
145	Herc	Rainard	hrainard40@hao123.com	Male
146	Kirsten	Delacote	kdelacote41@mapy.cz	Female
147	Pamelina	Wyllcocks	pwyllcocks42@imdb.com	Female
148	Teresa	Colleran	tcolleran43@telegraph.co.uk	Female
149	Gussie	Brammar	gbrammar44@gov.uk	Female
150	Sidonnie	Cestard	scestard45@liveinternet.ru	Female
151	Wilie	Huckle	whuckle46@marketwatch.com	Female
152	Donella	Garrad	dgarrad47@wisc.edu	Female
153	Glenden	Lind	glind48@skype.com	Male
154	Lindy	Edgecombe	ledgecombe49@squidoo.com	Female
155	Odella	Hamflett	ohamflett4a@ning.com	Female
156	Romeo	Tremayle	rtremayle4b@ifeng.com	Male
157	Guillema	Stubbings	gstubbings4c@csmonitor.com	Female
158	Paxon	Brymner	pbrymner4d@unblog.fr	Male
159	Ester	Blood	eblood4e@people.com.cn	Female
160	Millisent	Cleft	mcleft4f@nasa.gov	Female
161	Tani	Goldston	tgoldston4g@yellowbook.com	Female
162	Walt	Skellern	wskellern4h@sphinn.com	Male
163	Karoline	Elmore	kelmore4i@meetup.com	Female
164	Maurine	Baptiste	mbaptiste4j@answers.com	Female
165	Dayle	Janeczek	djaneczek4k@prlog.org	Female
166	Benoite	Swalteridge	bswalteridge4l@webs.com	Female
167	Ludovika	Dilnot	ldilnot4m@newyorker.com	Female
168	Cobb	Nevill	cnevill4n@baidu.com	Male
169	Harli	Leason	hleason4o@ameblo.jp	Female
170	Lars	Brignell	lbrignell4p@eepurl.com	Male
171	Madelena	Killcross	mkillcross4q@pinterest.com	Female
172	Andris	Dorling	adorling4r@people.com.cn	Male
173	Adrian	Bernt	abernt4s@microsoft.com	Female
174	Janis	Houselee	jhouselee4t@paypal.com	Female
175	Patience	Giron	pgiron4u@ox.ac.uk	Female
176	Fredrick	Diehn	fdiehn4v@reuters.com	Male
177	Brietta	Chalke	bchalke4w@java.com	Female
178	Valerye	Macenzy	vmacenzy4x@goo.gl	Female
179	Carter	Yea	cyea4y@etsy.com	Male
180	Jacynth	Gilhouley	jgilhouley4z@gnu.org	Female
181	Flinn	Park	fpark50@imgur.com	Male
182	Maxwell	Langridge	mlangridge51@pcworld.com	Male
183	Wildon	Wolfinger	wwolfinger52@economist.com	Male
184	Hamlin	Curd	hcurd53@booking.com	Male
185	Drugi	Mibourne	dmibourne54@1und1.de	Male
186	Othello	Huison	ohuison55@oakley.com	Male
187	Kassie	Espadate	kespadate56@amazon.com	Female
188	Fanny	Chettle	fchettle57@java.com	Female
189	Ev	Bavidge	ebavidge58@hexun.com	Male
190	Godfrey	Lumly	glumly59@sphinn.com	Male
191	Leah	Duinkerk	lduinkerk5a@narod.ru	Female
192	Obie	Verbeke	overbeke5b@newsvine.com	Male
193	Phelia	Bennie	pbennie5c@scientificamerican.com	Female
194	Abigail	Kubista	akubista5d@moonfruit.com	Female
195	Boote	Quilkin	bquilkin5e@theguardian.com	Male
196	Carmen	Tomei	ctomei5f@flickr.com	Female
197	Weider	Cartin	wcartin5g@home.pl	Male
198	Lainey	Connue	lconnue5h@cpanel.net	Female
199	Franciska	Patriskson	fpatriskson5i@businesswire.com	Female
200	Skipp	Malicki	smalicki5j@si.edu	Male
201	Berton	Clousley	bclousley5k@sciencedaily.com	Male
202	Seymour	De La Haye	sdelahaye5l@webeden.co.uk	Male
203	Shandy	Aldrich	saldrich5m@dedecms.com	Female
204	Lizette	Duding	lduding5n@dailymotion.com	Female
205	Remus	De Blasio	rdeblasio5o@elpais.com	Male
206	Alon	Yabsley	ayabsley5p@biglobe.ne.jp	Male
207	Pietrek	Simmonds	psimmonds5q@reuters.com	Male
208	Otto	Danielsohn	odanielsohn5r@indiatimes.com	Male
209	Evelina	Maskrey	emaskrey5s@ucsd.edu	Female
210	Erica	Halwell	ehalwell5t@webmd.com	Female
211	Moise	Ryman	mryman5u@globo.com	Male
212	Doralia	Rainville	drainville5v@eepurl.com	Female
213	Tiler	Metcalf	tmetcalf5w@barnesandnoble.com	Male
214	Kennie	Irving	kirving5x@cyberchimps.com	Male
215	Ginelle	Stirland	gstirland5y@github.com	Female
216	Elaina	Larmour	elarmour5z@aboutads.info	Female
217	Rosamond	Letixier	rletixier60@uiuc.edu	Female
218	Floyd	Hodgins	fhodgins61@samsung.com	Male
219	Klement	Stoffels	kstoffels62@about.com	Male
220	Woodie	Drejer	wdrejer63@upenn.edu	Male
221	Robin	Laxon	rlaxon64@printfriendly.com	Male
222	Clerc	Springell	cspringell65@is.gd	Male
223	Normie	Tinto	ntinto66@imgur.com	Male
224	Rollo	Hiddsley	rhiddsley67@princeton.edu	Male
225	Adrianne	Fawks	afawks68@exblog.jp	Female
226	Brunhilde	Binning	bbinning69@gravatar.com	Female
227	Ichabod	Piggen	ipiggen6a@google.com	Male
228	Arney	McGeffen	amcgeffen6b@dyndns.org	Male
229	Dana	Cajkler	dcajkler6c@ovh.net	Male
230	Obadiah	Gaskin	ogaskin6d@seesaa.net	Male
231	Frances	Castelyn	fcastelyn6e@apache.org	Female
232	Charles	MacWilliam	cmacwilliam6f@tuttocitta.it	Male
233	Kristos	Izchaki	kizchaki6g@marriott.com	Male
234	Max	Boig	mboig6h@wix.com	Female
235	Falkner	Chitty	fchitty6i@dmoz.org	Male
236	Meredithe	Hasnip	mhasnip6j@oaic.gov.au	Female
237	Hadleigh	Conen	hconen6k@indiegogo.com	Male
238	Wilmette	Gomby	wgomby6l@cpanel.net	Female
239	Zarla	Arnatt	zarnatt6m@flickr.com	Female
240	Israel	Chesman	ichesman6n@tripadvisor.com	Male
241	Grata	Oakland	goakland6o@ask.com	Female
242	Wang	Doubrava	wdoubrava6p@ehow.com	Male
243	Brittne	Bondesen	bbondesen6q@cyberchimps.com	Female
244	Harmonia	Plunkett	hplunkett6r@cyberchimps.com	Female
245	Marcille	Normand	mnormand6s@archive.org	Female
246	Zarah	Rigts	zrigts6t@boston.com	Female
247	Town	Berni	tberni6u@mysql.com	Male
248	Jehu	Whitsun	jwhitsun6v@washingtonpost.com	Male
249	Nissie	Robertet	nrobertet6w@webs.com	Female
250	Eugenie	Cowser	ecowser6x@mail.ru	Female
251	Lida	Nealon	lnealon6y@aboutads.info	Female
252	Florentia	Rohlfs	frohlfs6z@mlb.com	Female
253	Gene	Longmuir	glongmuir70@arizona.edu	Female
254	Gayle	Ricart	gricart71@jiathis.com	Female
255	Alfons	Varren	avarren72@odnoklassniki.ru	Male
256	Pebrook	Fullerd	pfullerd73@networksolutions.com	Male
257	Ruby	McKane	rmckane74@dropbox.com	Male
258	Faber	Bray	fbray75@buzzfeed.com	Male
259	Laurence	Mulford	lmulford76@cocolog-nifty.com	Male
260	Darryl	Carrington	dcarrington77@biglobe.ne.jp	Female
261	Tom	Nail	tnail78@stanford.edu	Male
262	Tammie	Ranaghan	tranaghan79@go.com	Female
263	Ganny	Muxworthy	gmuxworthy7a@flickr.com	Male
264	Kiel	Huckleby	khuckleby7b@cargocollective.com	Male
265	Rob	Mocquer	rmocquer7c@rediff.com	Male
266	Jorey	Blowfelde	jblowfelde7d@berkeley.edu	Female
267	Martyn	Ure	mure7e@seattletimes.com	Male
268	Ryann	Rolf	rrolf7f@blinklist.com	Female
269	Letti	Neale	lneale7g@oakley.com	Female
270	Gay	Bertram	gbertram7h@wikimedia.org	Female
271	Parsifal	Castelluzzi	pcastelluzzi7i@cnbc.com	Male
272	Colan	Winspurr	cwinspurr7j@ucla.edu	Male
273	Cyb	Ajean	cajean7k@bizjournals.com	Female
274	Chad	Eastment	ceastment7l@uiuc.edu	Female
275	Harris	McGurk	hmcgurk7m@dagondesign.com	Male
276	Angeli	Nusche	anusche7n@tamu.edu	Male
277	Salim	Bellis	sbellis7o@drupal.org	Male
278	Louie	Dabell	ldabell7p@forbes.com	Male
279	Forrest	Buxey	fbuxey7q@com.com	Male
280	Annabela	Langrick	alangrick7r@webnode.com	Female
281	Viviene	Peckett	vpeckett7s@msu.edu	Female
282	Sunny	Batterham	sbatterham7t@biglobe.ne.jp	Female
283	Teodor	Alekhov	talekhov7u@networksolutions.com	Male
284	Clemmie	Burberye	cburberye7v@google.co.jp	Male
285	Bertina	Dibner	bdibner7w@infoseek.co.jp	Female
286	Britteny	Berdale	bberdale7x@squidoo.com	Female
287	Maximilien	Gladtbach	mgladtbach7y@sohu.com	Male
288	Agnesse	Shapter	ashapter7z@bbc.co.uk	Female
289	Amalea	Adrianello	aadrianello80@webeden.co.uk	Female
290	Berta	Brockbank	bbrockbank81@unicef.org	Female
291	Arlen	Lafford	alafford82@usnews.com	Male
292	Leicester	Zieme	lzieme83@blogspot.com	Male
293	Ivory	Burne	iburne84@sogou.com	Female
294	Meredith	Lackmann	mlackmann85@bloglines.com	Male
295	Amandy	Devennie	adevennie86@house.gov	Female
296	Maighdiln	Stroyan	mstroyan87@dion.ne.jp	Female
297	Lucius	Mateu	lmateu88@unblog.fr	Male
298	Hazel	Rudall	hrudall89@ovh.net	Female
299	Emili	Gonnel	egonnel8a@chron.com	Female
300	Aeriell	Chark	achark8b@redcross.org	Female
301	Thekla	Stearne	tstearne8c@yahoo.co.jp	Female
302	Susanna	Roseman	sroseman8d@geocities.com	Female
303	Doralyn	Jirsa	djirsa8e@bandcamp.com	Female
304	Anthia	Drew	adrew8f@google.pl	Female
305	Enrica	Wotherspoon	ewotherspoon8g@istockphoto.com	Female
306	Obediah	Coutthart	ocoutthart8h@google.com.hk	Male
307	Teador	MacDougall	tmacdougall8i@house.gov	Male
308	Alikee	Garroch	agarroch8j@harvard.edu	Female
309	Myca	Rivers	mrivers8k@salon.com	Male
310	Vaughn	Sherbrook	vsherbrook8l@so-net.ne.jp	Male
311	Reinald	Jeppe	rjeppe8m@ifeng.com	Male
312	Eleni	Boyet	eboyet8n@oaic.gov.au	Female
313	Fifine	Phalip	fphalip8o@gnu.org	Female
314	Cally	Esposita	cesposita8p@ox.ac.uk	Female
315	Jeremie	Aickin	jaickin8q@4shared.com	Male
316	Conway	Cluelow	ccluelow8r@fc2.com	Male
317	Elsworth	Wixey	ewixey8s@chron.com	Male
318	Peirce	Mellon	pmellon8t@123-reg.co.uk	Male
319	Gloriana	Maher	gmaher8u@earthlink.net	Female
320	Hillary	Ragot	hragot8v@slideshare.net	Female
321	Bryon	Portchmouth	bportchmouth8w@shutterfly.com	Male
322	Reggie	Rotlauf	rrotlauf8x@sakura.ne.jp	Male
323	Meredith	Sweetman	msweetman8y@earthlink.net	Female
324	Rayshell	Saffer	rsaffer8z@icio.us	Female
325	Decca	Gronous	dgronous90@ovh.net	Male
326	Elene	Ebbing	eebbing91@sogou.com	Female
327	Clevey	Porcas	cporcas92@ucoz.com	Male
328	Buckie	Huey	bhuey93@cnbc.com	Male
329	Aurthur	Worley	aworley94@upenn.edu	Male
330	Dicky	Cuniffe	dcuniffe95@yelp.com	Male
331	Vassili	Mapp	vmapp96@barnesandnoble.com	Male
332	Brigg	Cawte	bcawte97@icio.us	Male
333	Allianora	Morecombe	amorecombe98@barnesandnoble.com	Female
334	Larry	McCrillis	lmccrillis99@berkeley.edu	Male
335	Forrester	Stocker	fstocker9a@economist.com	Male
336	Stoddard	Peacocke	speacocke9b@geocities.com	Female
337	Alikee	Raggatt	araggatt9c@ycombinator.com	Female
338	Ava	Keyser	akeyser9d@multiply.com	Female
339	Verge	Epine	vepine9e@hibu.com	Male
340	Huntlee	Belvard	hbelvard9f@wiley.com	Male
341	Homerus	Falls	hfalls9g@washingtonpost.com	Male
342	Tab	Malins	tmalins9h@craigslist.org	Male
343	Wendall	Mullan	wmullan9i@smugmug.com	Male
344	Willow	Bampford	wbampford9j@angelfire.com	Female
345	Vernice	Bromley	vbromley9k@reddit.com	Female
346	Sunny	Tander	stander9l@shareasale.com	Male
347	Angel	Bernardet	abernardet9m@china.com.cn	Female
348	Marcie	Applegate	mapplegate9n@oaic.gov.au	Female
349	Cobb	Poile	cpoile9o@freewebs.com	Male
350	Thorin	Fleet	tfleet9p@tripadvisor.com	Male
351	Leese	Hurt	lhurt9q@odnoklassniki.ru	Female
352	Ezequiel	Hardistry	ehardistry9r@cloudflare.com	Male
353	Innis	Wrenn	iwrenn9s@gnu.org	Male
354	Tremaine	Shirley	tshirley9t@mlb.com	Male
355	Ricard	Esby	resby9u@nytimes.com	Male
356	Denney	Sodory	dsodory9v@wordpress.com	Male
357	Temp	Fairney	tfairney9w@symantec.com	Male
358	Chandler	Fylan	cfylan9x@miibeian.gov.cn	Male
359	Cesya	Belin	cbelin9y@hud.gov	Female
360	Austine	Tomkin	atomkin9z@state.tx.us	Female
361	Alissa	Tarborn	atarborna0@1688.com	Female
362	Bernadette	Fragino	bfraginoa1@scientificamerican.com	Female
363	Dukey	Archard	darcharda2@themeforest.net	Male
364	Sandi	Blewett	sblewetta3@cbsnews.com	Female
365	Myranda	Seemmonds	mseemmondsa4@seattletimes.com	Female
366	Wakefield	Naulty	wnaultya5@scientificamerican.com	Male
367	Cyrillus	Tures	cturesa6@github.io	Male
368	Hedvige	Adamo	hadamoa7@chron.com	Female
369	Michale	Di Antonio	mdiantonioa8@narod.ru	Male
370	Teriann	Strathe	tstrathea9@prweb.com	Female
371	Alvina	Eggins	aegginsaa@shareasale.com	Female
372	Dulcia	Quennell	dquennellab@sakura.ne.jp	Female
373	Dita	Ricoald	dricoaldac@netscape.com	Female
374	Robinia	Broadstock	rbroadstockad@pagesperso-orange.fr	Female
375	Lorrayne	Skoughman	lskoughmanae@delicious.com	Female
376	Allissa	Tittershill	atittershillaf@ebay.co.uk	Female
377	Dewitt	Lazare	dlazareag@jugem.jp	Male
378	Chaunce	Irnys	cirnysah@gov.uk	Male
379	Deena	Straniero	dstranieroai@apple.com	Female
380	Lyon	Buggy	lbuggyaj@delicious.com	Male
381	Salaidh	Akitt	sakittak@rakuten.co.jp	Female
382	Rossy	Conti	rcontial@army.mil	Male
383	Lorrin	Doumer	ldoumeram@elpais.com	Female
384	Kahaleel	Lambis	klambisan@moonfruit.com	Male
385	Katey	Pindell	kpindellao@fotki.com	Female
386	Rhett	Schonfeld	rschonfeldap@blogs.com	Male
387	Betsy	Luetkemeyer	bluetkemeyeraq@domainmarket.com	Female
388	Audry	Betterton	abettertonar@google.com.hk	Female
389	Kaia	Itzakovitz	kitzakovitzas@hostgator.com	Female
390	Emanuel	Bote	eboteat@fotki.com	Male
391	Keith	Grenkov	kgrenkovau@dailymail.co.uk	Male
392	Waylon	Jarmyn	wjarmynav@dot.gov	Male
393	Briana	Vynarde	bvynardeaw@e-recht24.de	Female
394	Hillyer	Terrelly	hterrellyax@marketwatch.com	Male
395	Dory	Leek	dleekay@google.fr	Male
396	Francene	Manvelle	fmanvelleaz@sun.com	Female
397	Adan	Oles	aolesb0@senate.gov	Male
398	Guenevere	Lichtfoth	glichtfothb1@nhs.uk	Female
399	Rivy	McDermott	rmcdermottb2@paginegialle.it	Female
400	Sidonnie	Eynaud	seynaudb3@berkeley.edu	Female
401	Niel	Massimo	nmassimob4@photobucket.com	Male
402	Tansy	Pickerin	tpickerinb5@list-manage.com	Female
403	Lindy	Frotton	lfrottonb6@shop-pro.jp	Male
404	Michele	Runham	mrunhamb7@cmu.edu	Female
405	Stefanie	Tibols	stibolsb8@paypal.com	Female
406	Carita	Georges	cgeorgesb9@pbs.org	Female
407	Ethe	Chaffey	echaffeyba@nbcnews.com	Male
408	Edna	Karppi	ekarppibb@opera.com	Female
409	Jeanna	Kenton	jkentonbc@spiegel.de	Female
410	Margette	Finnes	mfinnesbd@over-blog.com	Female
411	Giacobo	Woodroof	gwoodroofbe@163.com	Male
412	Artur	Antonomoli	aantonomolibf@google.com.hk	Male
413	Taddeo	Eastcott	teastcottbg@wired.com	Male
414	Zara	Crother	zcrotherbh@wired.com	Female
415	Gabbie	LeEstut	gleestutbi@wordpress.com	Female
416	Kendell	Davidovits	kdavidovitsbj@meetup.com	Male
417	Silvio	Cinnamond	scinnamondbk@etsy.com	Male
418	Beverley	Buxsy	bbuxsybl@fema.gov	Female
419	Dorian	Jupe	djupebm@ezinearticles.com	Male
420	Darnell	Alderwick	dalderwickbn@google.ru	Male
421	Nikolaos	Inston	ninstonbo@yellowbook.com	Male
422	Daisy	Hatchett	dhatchettbp@elpais.com	Female
423	Garv	Vile	gvilebq@ucoz.com	Male
424	Thorndike	Cardall	tcardallbr@weibo.com	Male
425	Allen	Gaucher	agaucherbs@linkedin.com	Male
426	Broddy	Riste	bristebt@arstechnica.com	Male
427	Mason	Edgell	medgellbu@youtu.be	Male
428	Merridie	Rainton	mraintonbv@chronoengine.com	Female
429	Sallyann	Baldetti	sbaldettibw@upenn.edu	Female
430	Willetta	Howles	whowlesbx@europa.eu	Female
431	Annetta	Nelissen	anelissenby@marriott.com	Female
432	Skelly	Shoosmith	sshoosmithbz@booking.com	Male
433	Mackenzie	Tuohy	mtuohyc0@etsy.com	Male
434	Jacklin	McGarrie	jmcgarriec1@mapquest.com	Female
435	Ichabod	Dinsdale	idinsdalec2@macromedia.com	Male
436	Benedict	MacArthur	bmacarthurc3@wordpress.org	Male
437	Gregorius	Aubery	gauberyc4@vkontakte.ru	Male
438	Essy	Cowlam	ecowlamc5@mashable.com	Female
439	Bobina	Berrycloth	bberryclothc6@cafepress.com	Female
440	Dian	Rosenwasser	drosenwasserc7@freewebs.com	Female
441	Jody	Satterlee	jsatterleec8@pcworld.com	Male
442	Joella	Starbuck	jstarbuckc9@dell.com	Female
443	Tanney	Corking	tcorkingca@spotify.com	Male
444	Hakim	Puddifer	hpuddifercb@xinhuanet.com	Male
445	Sondra	Stigers	sstigerscc@yelp.com	Female
446	Tyrus	Byars	tbyarscd@noaa.gov	Male
447	Cecelia	Blackadder	cblackadderce@oaic.gov.au	Female
448	Addy	Bartrap	abartrapcf@mapy.cz	Male
449	Rockwell	Twelftree	rtwelftreecg@auda.org.au	Male
450	Lorene	Lawman	llawmanch@statcounter.com	Female
451	Gaultiero	Crab	gcrabci@illinois.edu	Male
452	Bradney	Beckingham	bbeckinghamcj@naver.com	Male
453	Gaby	Isworth	gisworthck@cnet.com	Female
454	Shell	Rosell	srosellcl@hatena.ne.jp	Female
455	Leila	Quinby	lquinbycm@icq.com	Female
456	Laetitia	Mochar	lmocharcn@ed.gov	Female
457	Nana	Gilbane	ngilbaneco@wikispaces.com	Female
458	Toddie	McDarmid	tmcdarmidcp@dmoz.org	Male
459	Roma	Annear	rannearcq@cafepress.com	Male
460	Rutger	Jiranek	rjiranekcr@edublogs.org	Male
461	Ginnie	Kinkade	gkinkadecs@csmonitor.com	Female
462	Evelyn	Pedgrift	epedgriftct@independent.co.uk	Female
463	Elmo	Widmore	ewidmorecu@wp.com	Male
464	Thorndike	Beecham	tbeechamcv@mail.ru	Male
465	Tedmund	Baudoux	tbaudouxcw@yellowpages.com	Male
466	Bowie	Duck	bduckcx@xrea.com	Male
467	Stephanus	Tunuy	stunuycy@alibaba.com	Male
468	Wendye	Volette	wvolettecz@mit.edu	Female
469	Tarrance	Connachan	tconnachand0@com.com	Male
470	Billy	Boothebie	bboothebied1@hostgator.com	Female
471	Noah	Wyatt	nwyattd2@merriam-webster.com	Male
472	Delilah	Norkett	dnorkettd3@printfriendly.com	Female
473	Ofelia	Lightbourne	olightbourned4@amazon.de	Female
474	Mickie	Filkin	mfilkind5@cafepress.com	Male
475	Kinny	Tadd	ktaddd6@addthis.com	Male
476	Dalston	MacDiarmid	dmacdiarmidd7@twitter.com	Male
477	Freeman	Johnes	fjohnesd8@acquirethisname.com	Male
478	Clemmie	Marcu	cmarcud9@jimdo.com	Female
479	Templeton	MacLennan	tmaclennanda@sogou.com	Male
480	Cornell	Kear	ckeardb@buzzfeed.com	Male
481	Drake	Witts	dwittsdc@utexas.edu	Male
482	Vevay	Carleman	vcarlemandd@yandex.ru	Female
483	Cale	Bairstow	cbairstowde@digg.com	Male
484	Klaus	Ettritch	kettritchdf@tamu.edu	Male
485	Luca	Livingstone	llivingstonedg@wsj.com	Male
486	Clotilda	Grisard	cgrisarddh@ifeng.com	Female
487	Nina	Yakovliv	nyakovlivdi@infoseek.co.jp	Female
488	Kizzie	Mattielli	kmattiellidj@yolasite.com	Female
489	Kylila	Ringrose	kringrosedk@uol.com.br	Female
490	Angelico	Heath	aheathdl@tamu.edu	Male
491	Nevile	Forryan	nforryandm@slashdot.org	Male
492	Kissie	Wiffield	kwiffielddn@patch.com	Female
493	Barrett	Denisard	bdenisarddo@apache.org	Male
494	Eolanda	Stagg	estaggdp@prnewswire.com	Female
495	Aurea	Chestney	achestneydq@sciencedirect.com	Female
496	Graeme	Arniz	garnizdr@answers.com	Male
497	Louise	Marre	lmarreds@pen.io	Female
498	Jammal	Fulk	jfulkdt@moonfruit.com	Male
499	Shaylah	Ashbe	sashbedu@kickstarter.com	Female
500	Leora	Bemand	lbemanddv@list-manage.com	Female
